Date,NIFTY 50,RELIA,INFY,TCS,ITC,y,NIFTY 50 Growth,RELIA Growth,INFY Growth,TCS Growth,ITC Growth
2-Jan-17,8142.1,1083.0997,1012,2359.05,241.2,17,9262%,8792%,5977%,3427%,-1501%
3-Jan-17,8224.5,1090.6496,1002.35,2368.5,243.25,17,,,,,
4-Jan-17,8192.9,1068.9497,994.6,2378.55,244.7,17,,,,,
5-Jan-17,8086.8,1077.3996,999,2334.55,246.5,17,,,,,
6-Jan-17,8128.7,1072.6996,993,2283.6,242.65,17,,,,,
9-Jan-17,8143.1,1077.0997,974,2303.75,245.8,17,,,,,
10-Jan-17,8102,1087.0997,976.25,2315.45,248.9,17,,,,,
11-Jan-17,8246.8,1084.0997,978,2323.05,247.5,17,,,,,
12-Jan-17,8261.7,1083.1496,972.25,2343.3,244.3,17,,,,,
13-Jan-17,8170.8,1090.1497,1026.35,2252,249.5,17,,,,,
16-Jan-17,8221.8,1076.9997,965,2258.55,248.8,17,,,,,
17-Jan-17,8182.4,1041.2997,959.8,2277.65,251.85,17,,,,,
18-Jan-17,8153.6,1032.4496,958,2295,250.9,17,,,,,
19-Jan-17,8139.4,1033.7497,951,2290.3,253.95,17,,,,,
20-Jan-17,8104.3,1025.6997,953,2287.45,255.45,17,,,,,
23-Jan-17,8082.4,1015.9497,947,2305.7,259.45,17,,,,,
24-Jan-17,8061.3,1027.5497,952.85,2318,259.75,17,,,,,
25-Jan-17,7979.1,1016.6997,948.75,2352.7,264.85,17,,,,,
27-Jan-17,7985.7,1025.1497,935,2358.05,257.5,17,,,,,
30-Jan-17,7908.2,1044.1497,938.7,2334.2,255.9,17,,,,,
31-Jan-17,8032.8,1043.3997,943.9,2229.9,258.05,17,,,,,
1-Feb-17,8034.8,1049.1997,921.9,2169.45,269.7,17,,,,,
2-Feb-17,8103.6,1044.7497,916,2205.8,273.7,17,,,,,
3-Feb-17,8185.8,1033.6997,934,2233.75,272.45,17,,,,,
6-Feb-17,8179.5,1040.0997,939,2240.55,276.4,17,,,,,
7-Feb-17,8192.2,1030.6996,934.9,2244.8,277.1,17,,,,,
8-Feb-17,8190.5,1025.6496,940,2262.65,274.7,17,,,,,
9-Feb-17,8273.8,1032.6997,936,2324.25,277.4,17,,,,,
10-Feb-17,8243.8,1030.2997,945,2396.7,273.05,17,,,,,
13-Feb-17,8236,1028.3497,975,2410.3,270.5,17,,,,,
14-Feb-17,8288.6,1048.2497,982.55,2402.95,270.8,17,,,,,
15-Feb-17,8380.6,1050.8997,982.15,2415.7,273.4,17,,,,,
16-Feb-17,8407.2,1064.9497,992,2446.9,266.7,17,,,,,
17-Feb-17,8400.3,1075.3497,1011.9,2408.15,268.25,17,,,,,
20-Feb-17,8412.8,1073.6997,998.9,2506.5,265.85,17,,,,,
21-Feb-17,8398,1088.2497,1020,2464.3,263.35,17,,,,,
22-Feb-17,8417,1207.6497,1012.7,2409.55,263.5,17,,,,,
23-Feb-17,8435.1,1182.5996,991,2481.65,265.7,17,,,,,
27-Feb-17,8349.3,1238.5996,1005.5,2488.9,264.35,17,,,,,
28-Feb-17,8391.5,1238.2496,1011,2466.5,262.15,17,,,,,
1-Mar-17,8475.8,1234.1496,1014.6,2480.05,268.6,17,,,,,
2-Mar-17,8602.7,1233.2497,1025,2501.15,264.55,17,,,,,
3-Mar-17,8641.2,1258.4496,1010.1,2492.35,261.95,17,,,,,
6-Mar-17,8632.7,1304.8996,1019.8,2470.65,263.8,17,,,,,
7-Mar-17,8561.3,1304.7996,1024,2500.7,264.25,17,,,,,
8-Mar-17,8716.4,1291.8996,1020,2513.9,264.05,17,,,,,
9-Mar-17,8734.2,1287.3496,1007.25,2519.55,264.8,17,,,,,
10-Mar-17,8740.9,1281.3996,1011.7,2541.8,263.25,17,,,,,
14-Mar-17,8801,1289.3996,1032.5,2562.35,267.15,17,,,,,
15-Mar-17,8768.3,1304.3996,1035,2500.3,267.9,17,,,,,
16-Mar-17,8769,1297.3496,1012,2518.95,268.2,17,,,,,
17-Mar-17,8778.4,1300.6496,1035,2526.85,281.2,17,,,,,
20-Mar-17,8793.5,1280.3496,1029,2480.8,282.1,17,,,,,
21-Mar-17,8805,1263.7996,1021,2486.15,287.65,17,,,,,
22-Mar-17,8792.3,1259.4996,1020,2479.1,279.75,17,,,,,
23-Mar-17,8724.7,1274.0996,1028,2458.9,277.9,17,,,,,
24-Mar-17,8778,1286.1997,1040.4,2426.75,281.05,17,,,,,
27-Mar-17,8821.7,1250.7496,1033,2412.1,281.9,17,,,,,
28-Mar-17,8879.2,1245.6496,1026.25,2429.85,280.5,17,,,,,
29-Mar-17,8907.8,1254.6996,1035,2443.75,282.6,17,,,,,
30-Mar-17,8926.9,1269.3496,1034.2,2443.75,282.6,17,,,,,
31-Mar-17,8939.5,1319.1996,1026,2431.1,280.45,17,,,,,
3-Apr-17,8896.7,1371.1996,1027.1,2413.3,281.7,17,,,,,
5-Apr-17,8879.6,1414.8996,1005,2402.85,278.95,17,,,,,
6-Apr-17,8945.8,1438.3496,995.1,2399.75,274.35,17,,,,,
7-Apr-17,8899.7,1405.5495,1000,2427.1,272.75,17,,,,,
10-Apr-17,8897.5,1381.0496,982,2421.15,273.5,17,,,,,
11-Apr-17,8963.4,1374.0996,955,2420.8,282.15,17,,,,,
12-Apr-17,8946.9,1354.1495,972,2394.2,281.8,17,,,,,
13-Apr-17,8924.3,1364.3496,974,2327.85,279.75,17,,,,,
17-Apr-17,8927,1390.9996,932,2320.85,279,17,,,,,
18-Apr-17,8934.5,1370.4496,925,2308.65,278.95,17,,,,,
19-Apr-17,9087,1369.8496,929.8,2301.75,279.1,17,,,,,
20-Apr-17,9084.8,1369.3996,920,2328.35,279.4,17,,,,,
21-Apr-17,9153.7,1399.7496,934.2,2311.2,274.35,17,,,,,
24-Apr-17,9160,1416.3996,918.8,2329.1,276.25,17,,,,,
25-Apr-17,9126.8,1432.4996,929.8,2311.3,281.2,17,,,,,
26-Apr-17,9121.5,1416.3495,933,2310.45,290.65,17,,,,,
27-Apr-17,9030.4,1408.0496,920,2301.4,285.1,17,,,,,
28-Apr-17,9086.3,1394.7996,925.05,2272.1,278.6,17,,,,,
2-May-17,9108,1370.8996,924.8,2291.95,278.6,17,,,,,
3-May-17,9045.2,1370.2496,924.3,2337.4,277.2,17,,,,,
4-May-17,9100.8,1358.7496,935,2327.1,281.1,17,,,,,
5-May-17,9143.8,1328.5996,936,2319.95,277.05,17,,,,,
8-May-17,9173.7,1321.9496,936,2341.9,272.95,17,,,,,
9-May-17,9173.7,1330.5996,949.9,2352.75,271.55,17,,,,,
10-May-17,9237.8,1359.4996,947,2332.5,273.9,17,,,,,
11-May-17,9265.1,1356.6996,945,2351.25,276.65,17,,,,,
12-May-17,9261.9,1350.8495,950,2359.5,274.3,17,,,,,
15-May-17,9198.3,1343.6496,965,2364.4,277.35,17,,,,,
16-May-17,9181.4,1356.3996,952,2427.25,283.45,17,,,,,
17-May-17,9237,1352.3996,955,2451.35,281.85,17,,,,,
18-May-17,9203.4,1327.0496,949,2534.1,278.05,17,,,,,
19-May-17,9150.8,1318.4996,956,2506.8,285.9,17,,,,,
22-May-17,9139.3,1323.7496,957.8,2529.3,303.65,17,,,,,
23-May-17,9105.1,1304.3996,963,2520.45,300.25,17,,,,,
24-May-17,9103.5,1296.9996,957.15,2557.8,299.95,17,,,,,
25-May-17,9136.4,1302.8996,959.9,2619.95,299.7,17,,,,,
26-May-17,9119.4,1335.7996,980,2579.3,308.65,17,,,,,
29-May-17,9217.9,1356.5496,992.7,2571.5,316,17,,,,,
30-May-17,9306.6,1358.8496,985.3,2551.7,310.4,17,,,,,
31-May-17,9351.8,1340.5996,991.15,2544.35,311.9,17,,,,,
1-Jun-17,9342.1,1328.4996,969,2550.85,314.6,17,,,,,
2-Jun-17,9304,1324.7496,970.95,2561.85,319.15,17,,,,,
5-Jun-17,9313.8,1328.8996,969,2601.05,317.5,17,,,,,
6-Jun-17,9311.9,1313.3996,965,2695.4,311,17,,,,,
7-Jun-17,9359.9,1339.1996,982.05,2615.35,312.2,17,,,,,
8-Jun-17,9285.3,1329.8996,961.1,2521.5,311.6,17,,,,,
9-Jun-17,9314,1335.4996,940,2510.25,306.2,17,,,,,
12-Jun-17,9316.8,1319.3496,943,2489.9,304.35,17,,,,,
13-Jun-17,9407.3,1312.5996,959.7,2453.4,304.7,17,,,,,
14-Jun-17,9422.4,1355.8995,957,2470.8,299.75,17,,,,,
15-Jun-17,9400.9,1384.4996,955,2411.1,301.9,17,,,,,
16-Jun-17,9445.4,1387.8496,951.9,2397.45,306.3,17,,,,,
19-Jun-17,9512.2,1409.1496,938.6,2431.9,310.45,17,,,,,
20-Jun-17,9525.7,1412.2496,935,2441.5,308.5,17,,,,,
21-Jun-17,9429.4,1418.0995,943.5,2406.05,309.15,17,,,,,
22-Jun-17,9427.9,1433.1496,945,2395.75,310.7,17,,,,,
23-Jun-17,9438.2,1434.9995,940,2360.65,310.85,17,,,,,
27-Jun-17,9386.1,1435.8996,944.05,2345.9,311.65,17,,,,,
28-Jun-17,9360.5,1398.4996,930.3,2351.2,308.15,17,,,,,
29-Jun-17,9509.7,1392.8996,927,2334.65,311.4,17,,,,,
30-Jun-17,9595.1,1380.2496,927.35,2364.35,323.85,17,,,,,
3-Jul-17,9604.9,1384.0996,935,2373.4,342.3,17,,,,,
4-Jul-17,9624.5,1422.6996,955,2364,337.1,17,,,,,
5-Jul-17,9621.2,1439.7996,955.6,2357.75,331.05,17,,,,,
6-Jul-17,9616.1,1441.3996,946,2344.8,336.75,17,,,,,
7-Jul-17,9653.5,1490.7996,945,2332.2,334.1,17,,,,,
10-Jul-17,9675.1,1492.4495,945,2440.85,333.25,17,,,,,
11-Jul-17,9637.1,1495.1996,955,2471.9,330.4,17,,,,,
12-Jul-17,9663.9,1510.4996,976,2439.1,328.7,17,,,,,
13-Jul-17,9647.2,1518.8496,973.95,2444.05,338.65,17,,,,,
14-Jul-17,9668.2,1531.0496,1000,2398.8,337.2,17,,,,,
17-Jul-17,9616.4,1551.3495,973.25,2395.7,325.75,17,,,,,
18-Jul-17,9606.9,1519.8996,984.9,2405.25,284.6,17,,,,,
19-Jul-17,9618.1,1533.4996,989,2450.45,291.5,17,,,,,
20-Jul-17,9578,1528.6995,980,2445.2,289.75,17,,,,,
21-Jul-17,9588,1586.1995,971,2490.9,288.5,17,,,,,
24-Jul-17,9657.5,1616.0996,981.1,2532.65,293.2,17,,,,,
25-Jul-17,9653.5,1603.3495,991,2570.65,291.4,17,,,,,
26-Jul-17,9633.6,1621.8995,996,2554.8,293.4,17,,,,,
27-Jul-17,9630,1598.3495,994,2484.35,288.65,17,,,,,
28-Jul-17,9574.9,1594.2495,980,2482.75,291.25,17,,,,,
31-Jul-17,9511.4,1613.8495,997.85,2494.05,285.15,17,,,,,
1-Aug-17,9491.2,1603.5496,1007,2499.95,287.75,17,,,,,
2-Aug-17,9504.1,1629.0995,1005,2467.35,285.15,17,,,,,
3-Aug-17,9520.9,1651.5495,992.45,2489.55,281.4,17,,,,,
4-Aug-17,9615,1622.4995,985.2,2522.75,280.75,17,,,,,
7-Aug-17,9613.3,1616.5995,982,2504.6,280,17,,,,,
8-Aug-17,9637.6,1603.3995,970,2497.8,274.2,17,,,,,
9-Aug-17,9674.5,1598.8496,966.25,2501.95,272.7,17,,,,,
10-Aug-17,9665.8,1584.0496,971.9,2511.25,273.1,17,,,,,
11-Aug-17,9771,1546.5495,977,2494,271.55,17,,,,,
14-Aug-17,9786,1573.1495,985.15,2469.15,271.15,17,,,,,
16-Aug-17,9816.1,1566.9496,984,2491.05,279.3,17,,,,,
17-Aug-17,9891.7,1566.0495,1010,2480.15,279.45,17,,,,,
18-Aug-17,9886.3,1575.3995,1021.5,2512.85,281.8,17,,,,,
21-Aug-17,9915.9,1565.7995,929,2521.4,282.15,17,,,,,
22-Aug-17,9827.1,1563.3495,892.5,2496.05,283.05,17,,,,,
23-Aug-17,9899.6,1581.2995,881.1,2493,282.25,17,,,,,
24-Aug-17,9873.3,1567.3995,907,2495.3,281.5,17,,,,,
28-Aug-17,9915.2,1565.7995,947,2485.85,282.25,17,,,,,
29-Aug-17,9966.4,1531.7496,943.4,2474.95,280.3,17,,,,,
30-Aug-17,9964.5,1564.1495,935.1,2486.75,282.4,17,,,,,
31-Aug-17,10020,1593.4995,928,2496.75,282.2,17,,,,,
1-Sep-17,10020,1609.3495,915.2,2463.2,283.6,17,,,,,
4-Sep-17,10014,1611.3495,921.25,2457.8,282.6,17,,,,,
5-Sep-17,10077,1632.9996,903.35,2477.65,282.4,17,,,,,
6-Sep-17,10114,1644.5995,899,2456.45,275.55,17,,,,,
7-Sep-17,10081,818.8998,898,2458.95,270.35,17,,,,,
8-Sep-17,10013,817.1498,896.1,2470.15,272.45,17,,,,,
11-Sep-17,10066,818.0998,890,2463.55,273.8,17,,,,,
12-Sep-17,10057,823.2998,881,2486.8,277.55,17,,,,,
13-Sep-17,9978.5,849.0997,885,2488.1,271.5,17,,,,,
14-Sep-17,9908,844.1997,886.4,2485.05,271.85,17,,,,,
15-Sep-17,9820.2,843.3997,895,2498.55,269.35,17,,,,,
18-Sep-17,9710.8,845.3997,910,2499.05,266.8,17,,,,,
19-Sep-17,9794.1,839.9997,910.1,2498.3,267.8,17,,,,,
20-Sep-17,9897.3,847.0997,915.3,2492.4,271.2,17,,,,,
21-Sep-17,9904.1,841.2997,912.5,2525.85,269.45,17,,,,,
22-Sep-17,9837.4,817.4998,908.2,2502.35,268.25,17,,,,,
25-Sep-17,9754.3,820.4498,901,2508.2,262.4,17,,,,,
26-Sep-17,9765.5,819.1998,896,2474.9,262.1,17,,,,,
27-Sep-17,9852.5,798.5998,905,2490.15,258.6,17,,,,,
28-Sep-17,9857,786.7498,898,2478.45,261.15,17,,,,,
29-Sep-17,9912.8,782.1498,900,2437,258.25,17,,,,,
3-Oct-17,9796,798.3498,908,2447.05,261.35,17,,,,,
4-Oct-17,9884.4,819.1998,903.95,2442.55,267.35,17,,,,,
5-Oct-17,9917.9,824.1998,899,2430.15,265.55,17,,,,,
6-Oct-17,9974.4,836.8497,906.6,2445.15,266.05,17,,,,,
9-Oct-17,9912.8,830.7497,922,2452.55,268,17,,,,,
10-Oct-17,9952.2,843.3997,940,2459.55,265.8,17,,,,,
11-Oct-17,9916.2,840.3997,936,2500.5,265.4,17,,,,,
12-Oct-17,9929.9,872.4997,930,2548.55,267,17,,,,,
13-Oct-17,9934.8,876.6997,930.05,2556.75,265.85,17,,,,,
16-Oct-17,10006,875.1997,935,2585.1,267.5,17,,,,,
17-Oct-17,10093,874.2497,935,2594.85,267.2,17,,,,,
18-Oct-17,10079,913.7497,929,2589.05,270.35,17,,,,,
19-Oct-17,10086,938.0997,928.2,2585.95,266.75,17,,,,,
23-Oct-17,10085,934.7497,945,2580.6,267.1,17,,,,,
24-Oct-17,10153,939.9497,920,2561.75,269.35,17,,,,,
25-Oct-17,10147,947.2497,940.15,2543,268.5,17,,,,,
26-Oct-17,10141,929.4497,955,2579.2,269.35,17,,,,,
27-Oct-17,10121,940.1497,954,2613,265.15,17,,,,,
30-Oct-17,9964.4,940.7997,923.4,2616.3,266.1,17,,,,,
31-Oct-17,9872.6,952.2997,924,2602.5,269.7,17,,,,,
1-Nov-17,9871.5,947.0997,924,2625.8,265.6,17,,,,,
2-Nov-17,9735.7,945.5997,922.7,2612.7,265.4,17,,,,,
3-Nov-17,9768.9,934.4497,925,2667,264.8,17,,,,,
6-Nov-17,9788.6,906.6497,928.5,2708.35,265.65,17,,,,,
7-Nov-17,9859.5,888.2497,958.25,2730.45,265.4,17,,,,,
8-Nov-17,9914.9,901.5497,958.5,2733.85,260.1,17,,,,,
9-Nov-17,9888.7,883.4997,954.6,2703.3,261.35,17,,,,,
10-Nov-17,9979.7,875.1497,960.6,2758.9,258.35,17,,,,,
13-Nov-17,9988.7,886.1997,950,2716.75,256.55,17,,,,,
14-Nov-17,10016,882.3997,947,2706.15,252.8,17,,,,,
15-Nov-17,9984.8,902.4497,951.15,2746.6,255.05,17,,,,,
16-Nov-17,10096,909.6997,989.8,2710.1,257.55,17,,,,,
17-Nov-17,10167,918.8497,969.7,2704.65,259.1,17,,,,,
20-Nov-17,10230,932.3997,961.35,2676.65,256.3,17,,,,,
21-Nov-17,10234,930.2497,965,2683.2,258.1,17,,,,,
22-Nov-17,10210,945.1497,970,2682.75,258.15,17,,,,,
23-Nov-17,10146,949.4997,989.1,2688.75,260.35,17,,,,,
24-Nov-17,10184,950.6997,1000,2687.05,259.2,17,,,,,
27-Nov-17,10207,942.9497,996.9,2684.9,256.95,17,,,,,
28-Nov-17,10295,945.4497,989,2658.55,258.15,17,,,,,
29-Nov-17,10343,922.5997,989,2634.25,255.65,17,,,,,
30-Nov-17,10323,909.8497,977.5,2630.55,255.3,17,,,,,
1-Dec-17,10363,901.4997,983,2633.35,255.05,17,,,,,
4-Dec-17,10335,911.4997,986,2633.8,254.05,17,,,,,
5-Dec-17,10440,927.4997,984.4,2631.45,251.45,17,,,,,
6-Dec-17,10423,930.6497,987.5,2617.65,253,17,,,,,
7-Dec-17,10452,920.9497,1000.1,2601,261.7,17,,,,,
8-Dec-17,10451,915.8997,997,2656,265.6,17,,,,,
11-Dec-17,10350,915.0497,1003,2614.15,261.55,17,,,,,
12-Dec-17,10303,913.9997,1012,2627.3,259.05,17,,,,,
13-Dec-17,10308,920.5497,1005.25,2558.55,263.9,17,,,,,
14-Dec-17,10321,919.8997,1015,2547.85,264.75,17,,,,,
15-Dec-17,10224,919.3997,1015,2577,263.1,17,,,,,
18-Dec-17,10186,923.9997,1015.35,2575.05,264.6,17,,,,,
19-Dec-17,10118,918.7497,1004.8,2588,263.3,17,,,,,
20-Dec-17,10214,913.0497,1013.3,2594.1,263,17,,,,,
21-Dec-17,10283,918.4997,1019.4,2639.8,263.35,17,,,,,
22-Dec-17,10298,927.9997,1029.8,2642.8,264,17,,,,,
26-Dec-17,10326,922.2997,1029,2621.05,262.35,17,,,,,
27-Dec-17,10342,924.3997,1031.9,2628.85,261.3,17,,,,,
28-Dec-17,10348,921.0497,1030,2700.4,263.1,17,,,,,
29-Dec-17,10389,911.5497,1040,2654.65,262.95,18,,,,,
1-Jan-18,10399,911.3997,1037.2,2633.75,260.95,18,,,,,
2-Jan-18,10370,916.3497,1035,2635.2,261,18,,,,,
3-Jan-18,10361,920.2497,1022,2649.8,260.65,18,,,,,
4-Jan-18,10226,922.9997,1015.3,2684.45,262.9,18,,,,,
5-Jan-18,10121,928.4497,1015,2707.75,265.35,18,,,,,
8-Jan-18,10127,940.8997,1040,2708.45,270.5,18,,,,,
9-Jan-18,10118,941.4997,1049.9,2807.1,269.3,18,,,,,
10-Jan-18,10044,937.1997,1053,2788.4,269.9,18,,,,,
11-Jan-18,10166,946.7497,1089,2772.9,267.5,18,,,,,
12-Jan-18,10265,947.5997,1078.5,2747.2,267.25,18,,,,,
15-Jan-18,10322,923.4997,1080,2850.85,261.75,18,,,,,
16-Jan-18,10240,924.6497,1118,2889.45,265.9,18,,,,,
17-Jan-18,10192,919.2997,1149,2910.1,272.85,18,,,,,
18-Jan-18,10252,929.3497,1148.9,2954.75,273.85,18,,,,,
19-Jan-18,10333,971.1997,1141.7,3113.15,273.35,18,,,,,
22-Jan-18,10388,981.6997,1151.2,3103.1,276.3,18,,,,,
23-Jan-18,10463,964.5497,1177.8,3174.6,281.5,18,,,,,
24-Jan-18,10444,964.5497,1184.4,3117.85,280.85,18,,,,,
25-Jan-18,10440,963.7997,1165,3195.1,275.65,18,,,,,
29-Jan-18,10493,949.2497,1180.5,3153.7,275.4,18,,,,,
30-Jan-18,10531,961.1497,1160,3111.75,271.25,18,,,,,
31-Jan-18,10490,944.0997,1150,3138.9,275.35,18,,,,,
1-Feb-18,10477,905.6997,1140,3149.15,275.3,18,,,,,
2-Feb-18,10530,904.4497,1138,3106.5,279.25,18,,,,,
5-Feb-18,10435.55,892.7497,1109,2995.35,273.7,18,,,,,
6-Feb-18,10442.2,893.9997,1112.1,2955.35,274.75,18,,,,,
7-Feb-18,10443.2,903.5997,1120.3,2966.25,273.65,18,,,,,
8-Feb-18,10504.8,897.9497,1124.9,2972.3,271.3,18,,,,,
9-Feb-18,10558.85,914.6997,1112,2967.9,269.85,18,,,,,
12-Feb-18,10623.6,932.3997,1104,2910.45,266.75,18,,,,,
14-Feb-18,10637,934.0497,1100.1,2925.75,268.3,18,,,,,
15-Feb-18,10632.2,921.6997,1121,2937.2,266.35,18,,,,,
16-Feb-18,10651.2,925.8497,1125.2,2924.55,263.55,18,,,,,
19-Feb-18,10681.25,919.3997,1132,2945.05,262.8,18,,,,,
20-Feb-18,10741.55,928.3497,1146,3043.05,268.05,18,,,,,
21-Feb-18,10700.45,923.8997,1148.9,3040.4,267.15,18,,,,,
22-Feb-18,10788.55,933.9997,1165,3076.9,269.05,18,,,,,
23-Feb-18,10817,938.5997,1157,3035.25,266.55,18,,,,,
26-Feb-18,10894.7,949.9497,1142.1,3043.25,266.2,18,,,,,
27-Feb-18,10966.2,952.4497,1148.05,3038.25,265.1,18,,,,,
28-Feb-18,11083.7,947.6997,1173.45,3037.1,263.6,18,,,,,
1-Mar-18,11086,924.1997,1160,3104.3,260.25,18,,,,,
5-Mar-18,11069.65,910.8997,1167.25,3049.8,256.5,18,,,,,
6-Mar-18,11130.4,891.5497,1151.3,3029.25,259.2,18,,,,,
7-Mar-18,11049.65,911.5997,1144,3001.5,258.5,18,,,,,
8-Mar-18,11027.7,912.0497,1160.2,3034.5,259.4,18,,,,,
9-Mar-18,11016.9,929.3497,1170.3,3051.85,270,18,,,,,
12-Mar-18,10760.6,930.5997,1176.2,2892.45,268.65,18,,,,,
13-Mar-18,10666.55,928.5997,1179,2886.1,267.9,18,,,,,
14-Mar-18,10498.25,912.2497,1180,2869.15,265.55,18,,,,,
15-Mar-18,10476.7,900.4997,1184.8,2825.5,260.65,18,,,,,
16-Mar-18,10576.85,895.2997,1164.7,2828.85,259.3,18,,,,,
19-Mar-18,10454.95,889.5497,1147.15,2859.15,258.75,18,,,,,
20-Mar-18,10539.75,896.3497,1163.1,2854.6,258.9,18,,,,,
21-Mar-18,10500.9,907.2997,1166.9,2829.95,258.1,18,,,,,
22-Mar-18,10545.5,892.8497,1145,2816.45,256.3,18,,,,,
23-Mar-18,10452.3,901.0497,1167,2813.05,257.95,18,,,,,
26-Mar-18,10378.4,899.9497,1145,2841.85,258.5,18,,,,,
27-Mar-18,10360.4,882.7997,1153,2849.3,255.9,18,,,,,
28-Mar-18,10397.45,892.6997,1135.5,2902.9,258.65,18,,,,,
2-Apr-18,10382.7,898.7997,1136.8,2908.1,258.4,18,,,,,
3-Apr-18,10491.05,895.0997,1140.5,2907.05,258.65,18,,,,,
4-Apr-18,10582.6,906.7497,1134.05,2957.15,259.5,18,,,,,
5-Apr-18,10554.3,909.7497,1140,2949.7,260.6,18,,,,,
6-Apr-18,10492.85,916.0497,1129.9,2921.15,265.95,18,,,,,
9-Apr-18,10458.35,916.4497,1127,2931.85,266.35,18,,,,,
10-Apr-18,10358.85,929.0497,1118,3015.5,264.8,18,,,,,
11-Apr-18,10249.25,927.5497,1132.9,3137.3,262,18,,,,,
12-Apr-18,10154.2,938.8497,1174.5,3151,260.8,18,,,,,
13-Apr-18,10242.65,937.2497,1099.3,3184.8,264.5,18,,,,,
16-Apr-18,10226.85,943.6997,1131.95,3165.9,267.75,18,,,,,
17-Apr-18,10421.4,936.9997,1124,3159.5,275.3,18,,,,,
18-Apr-18,10426.85,941.2497,1124,3190.65,277,18,,,,,
19-Apr-18,10410.9,928.0497,1138.5,3406.4,275.95,18,,,,,
20-Apr-18,10360.15,935.1497,1166,3415.2,275.15,18,,,,,
23-Apr-18,10195.15,969.7497,1185,3385.65,275.65,18,,,,,
24-Apr-18,10094.25,970.6997,1154,3467.9,273.9,18,,,,,
25-Apr-18,10124.35,975.3497,1165,3540.35,278.3,18,,,,,
26-Apr-18,10155.25,994.7497,1180,3454.8,279.25,18,,,,,
27-Apr-18,10114.75,963.0997,1188,3531.4,281.45,18,,,,,
30-Apr-18,9998.05,972.9997,1200,3497.8,287.15,18,,,,,
2-May-18,10130.65,962.5997,1198,3482.65,284.25,18,,,,,
3-May-18,10184.15,953.8997,1190,3480.85,277.5,18,,,,,
4-May-18,10113.7,971.8497,1177.1,3427.7,281.9,18,,,,,
7-May-18,10211.8,967.6497,1176.55,3441.05,282.35,18,,,,,
8-May-18,10245,975.2997,1170,3489.05,282.25,18,,,,,
9-May-18,10128.4,980.6997,1165,3452.75,279.85,18,,,,,
10-May-18,10325.15,988.4997,1170.5,3460.6,283.9,18,,,,,
11-May-18,10331.6,984.8497,1175,3436.75,284.45,18,,,,,
14-May-18,10379.35,979.3497,1189.3,3482.45,281.8,18,,,,,
15-May-18,10402.25,956.4497,1192.55,3495.55,285.95,18,,,,,
16-May-18,10417.15,945.1497,1198.9,3492.7,279,18,,,,,
17-May-18,10458.65,933.3997,1186,3502.35,282.15,18,,,,,
18-May-18,10480.6,931.9497,1180,3557.95,282.1,18,,,,,
21-May-18,10528.35,926.8997,1175.6,3508.05,278.8,18,,,,,
22-May-18,10548.7,912.2497,1196.8,3497.05,273.45,18,,,,,
23-May-18,10526.2,916.0497,1192.45,3604.8,274.8,18,,,,,
24-May-18,10565.3,921.7497,1223,3589.45,271.95,18,,,,,
25-May-18,10564.05,920.9997,1228.3,3503.8,275.15,18,,,,,
28-May-18,10584.7,916.9997,1220,3522.7,273.45,18,,,,,
29-May-18,10614.35,917.3497,1216.7,3517.75,271.8,18,,,,,
30-May-18,10570.55,921.2997,1217,1744.8,271.6,18,,,,,
31-May-18,10617.8,929.1997,1231.9,1732.25,269.75,18,,,,,
1-Jun-18,10692.3,939.3497,1220,1744.55,268.4,18,,,,,
4-Jun-18,10739.35,947.8497,1225.1,1721.2,267.3,18,,,,,
5-Jun-18,10718.05,953.3997,1221.2,1727.25,270.6,18,,,,,
6-Jun-18,10679.65,971.3997,1238,1734.6,270.5,18,,,,,
7-Jun-18,10618.25,983.3997,1249.9,1748.2,267.85,18,,,,,
8-Jun-18,10715.5,982.4497,1259.75,1750.6,269.15,18,,,,,
11-Jun-18,10717.8,995.3997,1265,1781,270,18,,,,,
12-Jun-18,10741.7,1002.0997,1265,1824.2,268.1,18,,,,,
13-Jun-18,10716.55,1007.4997,1259,1792.25,267.2,18,,,,,
14-Jun-18,10806.5,1013.8497,1238.7,1841.45,264.5,18,,,,,
15-Jun-18,10806.6,1014.9997,1285,1830.7,264.15,18,,,,,
18-Jun-18,10801.85,995.6497,1266,1825.85,266.15,18,,,,,
19-Jun-18,10741.1,1019.9497,1245,1826.3,263.75,18,,,,,
20-Jun-18,10682.7,1032.3497,1250,1819.85,260.8,18,,,,,
21-Jun-18,10596.4,1012.2997,1245.5,1811.8,265.15,18,,,,,
22-Jun-18,10516.7,1003.5497,1250,1820.45,262.55,18,,,,,
25-Jun-18,10536.7,978.6997,1269.9,1852.7,264.2,18,,,,,
26-Jun-18,10430.35,965.2997,1281.15,1859.8,262.4,18,,,,,
27-Jun-18,10513.85,944.6997,1269.2,1847.3,260.05,18,,,,,
28-Jun-18,10605.15,972.9497,1295.2,1847.2,266.05,18,,,,,
29-Jun-18,10688.65,961.0497,1313.9,1855.6,263.05,18,,,,,
2-Jul-18,10633.3,971.5997,1340,1875.9,265.15,18,,,,,
3-Jul-18,10614.35,990.0497,1353,1869.65,264.45,18,,,,,
4-Jul-18,10736.15,964.9997,1349.8,1881.7,272.3,18,,,,,
5-Jul-18,10696.2,976.4997,1280,1913.3,272.3,18,,,,,
6-Jul-18,10628.5,995.6497,1292.55,1887.65,274.25,18,,,,,
9-Jul-18,10593.15,1025.7497,1305.2,1877,276.25,18,,,,,
10-Jul-18,10684.65,1036.3497,1310,1979.6,275.65,18,,,,,
11-Jul-18,10768.35,1082.1997,1324,1971,276.75,18,,,,,
12-Jul-18,10767.65,1096.7497,1310,1981.25,270.4,18,,,,,
13-Jul-18,10786.95,1076.1497,1325,1988.8,271.5,18,,,,,
16-Jul-18,10842.85,1091.6997,1332.7,1997.85,269.8,18,,,,,
17-Jul-18,10856.7,1090.5497,1340,1997.3,268.3,18,,,,,
18-Jul-18,10808.05,1103.8997,1322.4,1981.45,272.9,18,,,,,
19-Jul-18,10817.7,1128.5497,1321.05,1995.95,273.45,18,,,,,
20-Jul-18,10799.85,1120.1497,1350.1,2005.05,283.85,18,,,,,
23-Jul-18,10710.45,1110.5497,1362,1996.85,284.25,18,,,,,
24-Jul-18,10772.05,1114.0497,1380,1979.4,286.05,18,,,,,
25-Jul-18,10741.1,1110.3497,1380,1963.3,287.15,18,,,,,
26-Jul-18,10821.85,1129.5997,1380,1943.1,302.2,18,,,,,
27-Jul-18,10762.45,1149.6997,1385,1944.95,301.1,18,,,,,
30-Jul-18,10769.15,1185.8496,1350,1941.25,297.2,18,,,,,
31-Jul-18,10671.4,1191.1496,1365.85,1975.1,301.7,18,,,,,
1-Aug-18,10589.1,1168.3496,1355.1,1950.65,299.05,18,,,,,
2-Aug-18,10714.3,1176.7496,1360,1977.35,303.75,18,,,,,
3-Aug-18,10657.3,1191.4996,1365,1976.35,301.6,18,,,,,
6-Aug-18,10699.9,1183.5496,1367,1968.1,301.05,18,,,,,
7-Aug-18,10769.9,1217.2496,1368.1,1974.6,300.4,18,,,,,
8-Aug-18,10749.75,1217.9496,1366.05,1974.55,301.85,18,,,,,
9-Aug-18,10772.65,1203.9996,1382.3,1993.85,304.7,18,,,,,
10-Aug-18,10852.9,1187.1496,1385,2000.5,305.9,18,,,,,
13-Aug-18,10947.25,1210.9496,1410.35,2001.25,307.25,18,,,,,
14-Aug-18,10948.3,1200.1996,1411.25,2008.75,306.8,18,,,,,
16-Aug-18,11023.2,1203.4496,1432.85,2011.85,313.75,18,,,,,
17-Aug-18,11018.9,1234.8996,1388.7,2010.4,313.1,18,,,,,
20-Aug-18,10936.85,1246.4996,1386.1,2013.65,312.75,18,,,,,
21-Aug-18,11008.05,1269.6996,1388.3,2035.45,311.35,18,,,,,
23-Aug-18,10980.45,1278.0496,1392.55,2042.2,310.35,18,,,,,
24-Aug-18,10957.1,1291.5996,1383.35,2051.65,313.45,18,,,,,
27-Aug-18,11010.2,1318.1996,1416,2065.55,311.5,18,,,,,
28-Aug-18,11084.75,1294.4496,1435,2065.8,312.7,18,,,,,
29-Aug-18,11134.3,1274.0996,1411,2079.45,319.2,18,,,,,
30-Aug-18,11132,1240.9496,1422,2078.2,319.15,18,,,,,
31-Aug-18,11167.3,1230.3996,1458,2054.95,312.75,18,,,,,
3-Sep-18,11278.35,1242.3496,723.7,2093.2,309.65,18,,,,,
4-Sep-18,11319.55,1225.7996,741.75,2078.15,310.2,18,,,,,
5-Sep-18,11356.5,1260.1496,734.5,2075.7,310.7,18,,,,,
6-Sep-18,11346.2,1276.7496,733.05,2079.7,310.4,18,,,,,
7-Sep-18,11244.7,1257.1496,737,2081.2,306.2,18,,,,,
10-Sep-18,11360.8,1238.4496,734.3,2045.95,297.25,18,,,,,
11-Sep-18,11387.1,1252.6996,743,2043.75,306.5,18,,,,,
12-Sep-18,11389.45,1252.7996,742.5,2063.3,306.95,18,,,,,
14-Sep-18,11450,1226.2496,736.4,2071.6,301.9,18,,,,,
17-Sep-18,11470.7,1217.1996,732,2070,302.6,18,,,,,
18-Sep-18,11429.5,1210.2996,725,2076.9,299.65,18,,,,,
19-Sep-18,11355.75,1216.8496,719,2103.8,303.75,18,,,,,
21-Sep-18,11435.1,1232.2996,709,2198.7,297.9,18,,,,,
24-Sep-18,11385.05,1230.5996,720,2183.1,301.05,18,,,,,
25-Sep-18,11470.75,1251.7496,738,2141.45,293,18,,,,,
26-Sep-18,11551.75,1252.8996,719.5,2187.8,293.25,18,,,,,
27-Sep-18,11570.9,1258.1996,720,2184.5,296.7,18,,,,,
28-Sep-18,11582.75,1231.5496,735.1,2255.8,296.7,18,,,,,
1-Oct-18,11557.1,1205.2996,744.7,2162.45,294.6,18,,,,,
3-Oct-18,11691.95,1120.5497,728,2064.25,287.25,18,,,,,
4-Oct-18,11738.5,1049.8497,711,2103.1,277.15,18,,,,,
5-Oct-18,11691.9,1107.9497,725.05,2080.1,273.45,18,,,,,
8-Oct-18,11676.8,1090.3997,716,2090.5,268.5,18,,,,,
9-Oct-18,11680.5,1102.3497,718.15,2043.05,270.05,18,,,,,
10-Oct-18,11582.35,1089.1997,689.9,1979.75,265.2,18,,,,,
11-Oct-18,11520.3,1126.3997,677,1918.4,274.7,18,,,,,
12-Oct-18,11476.95,1139.7997,690,1949.15,281.6,18,,,,,
15-Oct-18,11536.9,1163.6496,709,1961.7,282.55,18,,,,,
16-Oct-18,11589.1,1148.8997,707,1927.7,286.35,18,,,,,
17-Oct-18,11438.1,1101.6497,689.8,1917.05,288.45,18,,,,,
19-Oct-18,11287.5,1062.4497,691,1902.15,288.25,18,,,,,
22-Oct-18,11369.9,1052.5997,679,1844.15,285.9,18,,,,,
23-Oct-18,11515.2,1046.5997,663.05,1851.5,287.75,18,,,,,
24-Oct-18,11377.75,1030.1997,643,1852.65,287.25,18,,,,,
25-Oct-18,11278.9,1044.6997,645.1,1799.6,280.65,18,,,,,
26-Oct-18,11234.35,1087.9997,633,1869.75,283.55,18,,,,,
29-Oct-18,11143.1,1057.1497,640,1895.4,279,18,,,,,
30-Oct-18,10967.4,1061.3997,665,1937.6,279.8,18,,,,,
31-Oct-18,11067.45,1056.8997,693.9,1934.6,277.5,18,,,,,
1-Nov-18,11053.8,1074.2497,668.1,1909.8,282.35,18,,,,,
2-Nov-18,10977.55,1088.5497,663,1889.95,279.6,18,,,,,
5-Nov-18,10930.45,1103.4497,669,1931.95,277.4,18,,,,,
6-Nov-18,11008.3,1093.3497,677.2,1909.8,277.25,18,,,,,
7-Nov-18,10858.25,1078.7497,666,1915.9,273.85,18,,,,,
9-Nov-18,10599.25,1099.5497,666,1935.8,276.9,18,,,,,
12-Nov-18,10316.45,1096.0997,669,1880.55,276.45,18,,,,,
13-Nov-18,10348.05,1096.8997,653.45,1865.5,274.45,18,,,,,
14-Nov-18,10301.05,1127.4997,664,1882.25,276.25,18,,,,,
15-Nov-18,10460.1,1149.5997,655,1902.05,283.9,18,,,,,
16-Nov-18,10234.65,1138.6497,648.55,1877.75,283.6,18,,,,,
19-Nov-18,10472.5,1112.2997,642,1811.75,281.05,18,,,,,
20-Nov-18,10512.5,1102.8497,623.9,1815.25,280.45,18,,,,,
21-Nov-18,10584.75,1109.5997,623.5,1846.1,285.65,18,,,,,
22-Nov-18,10453.05,1127.4997,627,1888.35,284.75,18,,,,,
26-Nov-18,10303.55,1146.2497,643,1976.55,282.05,18,,,,,
27-Nov-18,10245.25,1169.9996,672,1959.45,287.35,18,,,,,
28-Nov-18,10146.8,1168.1996,663,1970.6,286.25,18,,,,,
29-Nov-18,10224.75,1156.2997,670.5,1982.2,283,18,,,,,
30-Nov-18,10124.9,1151.5497,673.9,2009.4,281.85,18,,,,,
3-Dec-18,10030,1154.8497,682.2,2006.1,275.25,18,,,,,
4-Dec-18,10250.85,1123.4497,675.3,1991.75,272.1,18,,,,,
5-Dec-18,10198.4,1133.2497,670.5,1995.95,274.1,18,,,,,
6-Dec-18,10386.6,1088.4997,678,1974.9,269.7,18,,,,,
7-Dec-18,10380.45,1096.1997,665.15,1998.35,274.65,18,,,,,
10-Dec-18,10553,1110.4997,674.95,2018.7,275.65,18,,,,,
11-Dec-18,10524,1106.7997,679.25,1983.65,275.6,18,,,,,
12-Dec-18,10530,1111.7497,695.15,1989.25,275.65,18,,,,,
13-Dec-18,10598.4,1130.5997,713,1993.25,280.1,18,,,,,
14-Dec-18,10585.2,1136.4497,694,1987.7,278,18,,,,,
17-Dec-18,10482.2,1137.0997,673,1967.2,282.9,18,,,,,
18-Dec-18,10582.5,1127.2497,662.7,1956.35,282.2,18,,,,,
19-Dec-18,10576.3,1098.3497,660.7,1897.25,276.5,18,,,,,
20-Dec-18,10616.7,1090.0497,658,1915.55,276.25,18,,,,,
21-Dec-18,10682.2,1096.9497,648.9,1889.5,276.7,18,,,,,
24-Dec-18,10763.4,1119.9997,652.1,1909.45,279.75,18,,,,,
26-Dec-18,10656.2,1125.7997,662.8,1895.8,281.95,18,,,,,
27-Dec-18,10600.05,1121.0497,659,1893.55,281.65,18,,,,,
28-Dec-18,10526.75,1121.3497,661,1902.35,282.85,19,,,,,
31-Dec-18,10628.6,1106.2997,668,1923.15,280.5,19,,,,,
1-Jan-19,10685.6,1091.7497,670.9,1896.45,278.9,19,,,,,
2-Jan-19,10728.85,1099.0497,671.1,1873.95,280.75,19,,,,,
3-Jan-19,10858.7,1103.4497,666.95,1896.65,281.75,19,,,,,
4-Jan-19,10876.75,1103.9497,673.05,1893.05,284.2,19,,,,,
7-Jan-19,10883.75,1108.3997,684.9,1887.8,290.7,19,,,,,
8-Jan-19,10869.5,1105.6497,681.15,1888.15,289.55,19,,,,,
9-Jan-19,10782.9,1097.8997,683.9,1841.95,295.4,19,,,,,
10-Jan-19,10601.15,1096.4497,706,1814.4,294.3,19,,,,,
11-Jan-19,10693.7,1129.5497,705.1,1864.2,296.6,19,,,,,
14-Jan-19,10488.45,1134.0497,729,1870.1,294,19,,,,,
15-Jan-19,10549.15,1133.7497,736.45,1895.1,293.9,19,,,,,
16-Jan-19,10737.6,1182.9496,731.95,1900.4,291.1,19,,,,,
17-Jan-19,10791.55,1234.4996,733,1905.8,289.65,19,,,,,
18-Jan-19,10805.45,1234.7496,740.65,1900.35,289.75,19,,,,,
21-Jan-19,10888.35,1225.6996,743.25,1879.75,277.7,19,,,,,
22-Jan-19,10908.7,1245.3996,729.5,1901.75,278.9,19,,,,,
23-Jan-19,10967.3,1246.2496,728.7,1919.05,279.25,19,,,,,
24-Jan-19,10951.7,1229.5996,732.9,1951.95,274.65,19,,,,,
25-Jan-19,10754,1210.8996,728.2,1983.15,278.55,19,,,,,
28-Jan-19,10663.5,1194.7996,727.35,1977.85,274.8,19,,,,,
29-Jan-19,10729.85,1227.0996,728,2014.6,278.75,19,,,,,
30-Jan-19,10779.8,1247.2996,753.8,2030.75,280.8,19,,,,,
31-Jan-19,10859.9,1291.1496,755,2047.15,276.9,19,,,,,
1-Feb-19,10862.55,1290.2996,751,2044.35,274.4,19,,,,,
4-Feb-19,10910.1,1309.8496,754.25,2077.85,277.55,19,,,,,
5-Feb-19,10792.5,1290.1996,761.1,2079.9,279.75,19,,,,,
6-Feb-19,10672.25,1277.3496,764,2062.75,275.85,19,,,,,
7-Feb-19,10727.35,1253.4496,760,2065.55,277.45,19,,,,,
8-Feb-19,10771.8,1256.6996,763,2050.65,275.45,19,,,,,
11-Feb-19,10802.15,1244.3996,750.4,2068.6,277.1,19,,,,,
12-Feb-19,10855.15,1225.4996,753,2044.65,277.9,19,,,,,
13-Feb-19,10821.6,1243.4996,741.25,2030.9,279.6,19,,,,,
14-Feb-19,10794.95,1219.7496,741,1971.75,274.15,19,,,,,
15-Feb-19,10737.6,1216.3496,738.9,1904.85,275.1,19,,,,,
18-Feb-19,10886.8,1234.3496,730,1914.45,275.85,19,,,,,
19-Feb-19,10890.3,1246.4496,739,1912.25,274.9,19,,,,,
20-Feb-19,10905.2,1232.5996,733.9,1925.9,274.3,19,,,,,
21-Feb-19,10906.95,1232.1496,735,1985,276.75,19,,,,,
22-Feb-19,10961.85,1219.6996,748.15,2032.35,274.95,19,,,,,
25-Feb-19,10922.75,1222.4496,745,2053.75,275.05,19,,,,,
26-Feb-19,10831.5,1231.5496,735.15,1984.25,276.15,19,,,,,
27-Feb-19,10849.8,1226.6996,737.8,1991.65,277.8,19,,,,,
28-Feb-19,10780.55,1236.9496,742,1987.85,282.65,19,,,,,
1-Mar-19,10661.55,1263.5496,735,1999.4,285.45,19,,,,,
5-Mar-19,10652.2,1269.8496,735,2011.5,290.05,19,,,,,
6-Mar-19,10651.8,1266.5996,723.25,2022.3,292.05,19,,,,,
7-Mar-19,10830.95,1300.9996,713,2014.1,293,19,,,,,
8-Mar-19,10893.65,1329.8496,709.9,2012.55,294.55,19,,,,,
11-Mar-19,10912.25,1346.7496,710,2001.15,294.8,19,,,,,
12-Mar-19,10934.35,1341.1996,714,1988.6,295.45,19,,,,,
13-Mar-19,11062.45,1322.5996,712.85,2040.2,290.95,19,,,,,
14-Mar-19,11069.4,1347.5996,723.45,2021.3,292.25,19,,,,,
15-Mar-19,10943.6,1375.2496,713,2024.7,299.4,19,,,,,
18-Mar-19,10888.8,1375.5996,726.2,2015.5,298.5,19,,,,,
19-Mar-19,10831.4,1342.0996,743.35,2004.65,297.7,19,,,,,
20-Mar-19,10793.65,1325.2496,741,1986.9,295.2,19,,,,,
22-Mar-19,10746.05,1367.1496,736,1981.8,293.2,19,,,,,
25-Mar-19,10724.4,1350.0996,728,1968.2,293,19,,,,,
26-Mar-19,10640.95,1360.5496,730,2000.45,300,19,,,,,
27-Mar-19,10604.35,1363.0496,742,2000.4,296.7,19,,,,,
28-Mar-19,10735.45,1391.5496,742.9,2031.3,297.3,19,,,,,
29-Mar-19,10789.85,1388.4496,757.5,2079.5,297.1,19,,,,,
1-Apr-19,10791.65,1373.7996,759,2080.25,295.85,19,,,,,
2-Apr-19,10880.1,1353.0996,751.95,2014.3,294.5,19,,,,,
3-Apr-19,10835.3,1355.0996,750,2051.45,294.65,19,,,,,
4-Apr-19,10806.65,1329.3996,762.3,2069.75,292.55,19,,,,,
5-Apr-19,10792.5,1335.3496,770,2088.1,296.35,19,,,,,
8-Apr-19,10863.5,1328.9496,763,2043.8,294,19,,,,,
9-Apr-19,10987.45,1346.1496,753,2019.05,296.3,19,,,,,
10-Apr-19,11053,1341.9496,746,2013.75,305.6,19,,,,,
11-Apr-19,11058.2,1339.7496,725,2110.05,305.05,19,,,,,
12-Apr-19,11035.4,1345.2996,728.3,2132.45,307.05,19,,,,,
15-Apr-19,11168.05,1382.8996,724.85,2145.5,304.35,19,,,,,
16-Apr-19,11301.2,1344.7996,716.4,2164.35,301.7,19,,,,,
18-Apr-19,11341.7,1363.2996,724,2157.7,303.35,19,,,,,
22-Apr-19,11343.25,1389.9996,727.5,2185.45,306.45,19,,,,,
23-Apr-19,11426.85,1374.5496,736.4,2191.7,304.5,19,,,,,
24-Apr-19,11462.2,1391.4496,731,2238.3,304.65,19,,,,,
25-Apr-19,11532.4,1391.7996,739,2254.95,301.55,19,,,,,
26-Apr-19,11521.05,1405.0996,748.6,2214.4,304.65,19,,,,,
30-Apr-19,11456.9,1407.0496,723.75,2132.5,303.6,19,,,,,
2-May-19,11354.25,1384.8496,718.5,2154.7,307,19,,,,,
3-May-19,11483.25,1344.5496,720.05,2150.35,302.35,19,,,,,
6-May-19,11445.05,1299.4496,724,2152.65,300.75,19,,,,,
7-May-19,11570,1255.1496,721.7,2168.7,299.8,19,,,,,
8-May-19,11623.9,1250.4996,723,2135.55,297.7,19,,,,,
9-May-19,11669.15,1230.8496,718,2131.1,289.85,19,,,,,
10-May-19,11713.2,1259.4996,719.5,2094.35,294,19,,,,,
13-May-19,11643.95,1257.2496,716.65,2094.5,297.1,19,,,,,
14-May-19,11598,1264.0496,716.75,2109.45,294.7,19,,,,,
15-May-19,11665.95,1265.6996,733.3,2096.35,301.4,19,,,,,
16-May-19,11604.5,1325.4996,725.8,2139.3,307,19,,,,,
17-May-19,11671.95,1339.7496,723.5,2109.2,305.3,19,,,,,
20-May-19,11584.3,1340.6996,711.1,2082.75,299.55,19,,,,,
21-May-19,11596.7,1335.7996,717.7,2053.75,288.5,19,,,,,
22-May-19,11643.45,1336.7996,702.35,2049.65,290.15,19,,,,,
23-May-19,11690.35,1310.6996,708.8,2053.8,290.4,19,,,,,
24-May-19,11787.15,1325.9496,710,2075,289,19,,,,,
27-May-19,11752.8,1313.2496,726.5,2105.25,288.35,19,,,,,
28-May-19,11594.45,1330.5996,727.8,2145.4,289.1,19,,,,,
29-May-19,11575.95,1329.7496,735,2196.85,278.65,19,,,,,
30-May-19,11726.15,1358.2996,734,2240.35,278.55,19,,,,,
31-May-19,11641.8,1351.0996,741.95,2182.45,279.65,19,,,,,
3-Jun-19,11754.65,1327.0496,734.7,2167.4,276.1,19,,,,,
4-Jun-19,11748.15,1315.2996,737.7,2178.95,275.9,19,,,,,
6-Jun-19,11724.75,1318.8496,738,2231.1,279.6,19,,,,,
7-Jun-19,11712.25,1328.5496,754,2252.85,280,19,,,,,
10-Jun-19,11598.25,1331.0996,754.15,2258.45,280,19,,,,,
11-Jun-19,11497.9,1324.2996,741.5,2250.25,279.85,19,,,,,
12-Jun-19,11359.45,1316.9496,744.2,2252.3,277.95,19,,,,,
13-Jun-19,11301.8,1281.4996,741.15,2245.6,275.3,19,,,,,
14-Jun-19,11278.9,1282.5496,740,2251.7,275.6,19,,,,,
17-Jun-19,11148.2,1277.4996,751,2259.9,277.35,19,,,,,
18-Jun-19,11222.05,1296.8996,735,2279,277.15,19,,,,,
19-Jun-19,11157,1279.1996,754,2249.95,274.25,19,,,,,
20-Jun-19,11257.1,1262.6496,752,2275,276.3,19,,,,,
21-Jun-19,11407.15,1295.7996,742.5,2266.75,278.25,19,,,,,
24-Jun-19,11828.25,1294.5496,744,2253.7,277.35,19,,,,,
25-Jun-19,11709.1,1274.8496,741,2252.65,273.55,19,,,,,
26-Jun-19,11737.9,1251.9996,733.9,2227.25,273.95,19,,,,,
27-Jun-19,11657.05,1268.4996,734.1,2239.7,274.85,19,,,,,
28-Jun-19,11844.1,1278.0496,734.4,2252.75,273.75,19,,,,,
1-Jul-19,11924.75,1282.2496,742,2237.2,276.7,19,,,,,
2-Jul-19,11928.75,1282.9996,734,2242.6,277.7,19,,,,,
3-Jul-19,11861.1,1262.5996,736,2161.65,279.45,19,,,,,
4-Jul-19,11945.9,1251.8996,717,2176.1,277.3,19,,,,,
5-Jul-19,11922.8,1279.4496,717.9,2131.45,273.05,19,,,,,
8-Jul-19,12088.55,1278.3496,710.15,2107.7,273.35,19,,,,,
9-Jul-19,12021.65,1281.2996,721,2101.45,275.7,19,,,,,
10-Jul-19,11843.75,1280.5996,723.3,2107.95,274.95,19,,,,,
11-Jul-19,11870.65,1275.8996,762,2145.2,270.9,19,,,,,
12-Jul-19,11922.7,1293.0996,776.8,2105.3,271.9,19,,,,,
15-Jul-19,11965.6,1281.5496,784.7,2117.15,272.8,19,,,,,
16-Jul-19,11906.2,1261.7996,792.4,2065.6,272.95,19,,,,,
17-Jul-19,11914.05,1248.9996,789.7,2076.95,268.4,19,,,,,
18-Jul-19,11823.3,1280.4996,786.9,2109.7,264.4,19,,,,,
19-Jul-19,11672.15,1272.8496,785.45,2111.8,270.7,19,,,,,
22-Jul-19,11691.5,1258.7996,789.5,2096.7,270.85,19,,,,,
23-Jul-19,11691.45,1232.2996,787,2128.3,268,19,,,,,
24-Jul-19,11831.75,1214.0996,793,2108.8,270.3,19,,,,,
25-Jul-19,11724.1,1211.1496,787.55,2129.5,267.7,19,,,,,
26-Jul-19,11699.65,1180.5496,792,2179,269,19,,,,,
29-Jul-19,11796.45,1165.9996,792,2205.4,270.05,19,,,,,
30-Jul-19,11847.55,1180.5496,790.8,2179.9,267.6,19,,,,,
31-Jul-19,11841.55,1184.1996,769,2206.05,264.6,19,,,,,
1-Aug-19,11788.85,1142.9997,773,2248.55,259.55,19,,,,,
2-Aug-19,11865.6,1127.9997,778,2215.45,258.9,19,,,,,
5-Aug-19,11910.3,1108.9997,779,2214,253.75,19,,,,,
6-Aug-19,11916.75,1151.9497,778,2258.85,257.75,19,,,,,
7-Aug-19,11946.75,1161.9996,791.5,2245.6,254.25,19,,,,,
8-Aug-19,11811.15,1274.9996,788.35,2200.2,246.1,19,,,,,
9-Aug-19,11558.6,1288.2996,774,2204.65,248.85,19,,,,,
13-Aug-19,11555.9,1277.3996,779,2163.5,252.9,19,,,,,
14-Aug-19,11498.9,1292.0996,777,2163.55,251.6,19,,,,,
16-Aug-19,11582.9,1275.9996,781.05,2187.15,246.55,19,,,,,
19-Aug-19,11552.5,1270.7996,792.8,2185.85,241.6,19,,,,,
20-Aug-19,11588.35,1246.4996,800.8,2214.9,240.1,19,,,,,
21-Aug-19,11662.6,1275.9496,798,2247.55,236,19,,,,,
22-Aug-19,11687.5,1265.8996,800,2275.1,242.55,19,,,,,
23-Aug-19,11596.9,1275.0996,791,2237,245.55,19,,,,,
26-Aug-19,11419.25,1263.0496,785.1,2239.65,245.8,19,,,,,
27-Aug-19,11346.2,1242.1996,798.9,2233.3,241.4,19,,,,,
28-Aug-19,11331.05,1248.3496,808,2258.05,245.55,19,,,,,
29-Aug-19,11271.3,1205.8996,815,2252.25,241.5,19,,,,,
30-Aug-19,11252.15,1201.5496,813.7,2246.1,243.15,19,,,,,
3-Sep-19,11284.3,1198.2996,827.1,2215.8,244.35,19,,,,,
4-Sep-19,11189.2,1222.4996,838,2197.65,243.95,19,,,,,
5-Sep-19,11085.4,1222.0996,838.05,2183.3,245.5,19,,,,,
6-Sep-19,11118,1234.0996,821.65,2153.95,243.65,19,,,,,
9-Sep-19,10980,1210.3496,818,2133.85,240.8,19,,,,,
11-Sep-19,10997.35,1225.5496,816,2141.35,239.95,19,,,,,
12-Sep-19,10862.6,1210.7996,831.55,2149.15,239.35,19,,,,,
13-Sep-19,10948.25,1197.1996,830,2121.35,237.15,19,,,,,
16-Sep-19,10855.5,1205.6996,831.05,2138.25,239.6,19,,,,,
17-Sep-19,11032.45,1178.6996,825,2102.15,236.75,19,,,,,
18-Sep-19,11109.65,1254.3996,822.35,2065.6,238.15,19,,,,,
19-Sep-19,10925.85,1238.6496,810,2014.75,254.7,19,,,,,
20-Sep-19,11029.4,1278.5496,767.7,2044.3,256,19,,,,,
23-Sep-19,11047.8,1279.7996,791,2087.8,248.8,19,,,,,
24-Sep-19,11053.9,1296.5996,792,2087.65,250.35,19,,,,,
25-Sep-19,11017,1308.7496,788,2056.7,252.9,19,,,,,
26-Sep-19,10918.7,1332.5996,782.35,2099.2,259.7,19,,,,,
27-Sep-19,10741.35,1305.0496,809.8,2059.7,255.9,19,,,,,
30-Sep-19,10829.35,1310.9996,793,2058.85,261.6,19,,,,,
1-Oct-19,11057.85,1307.4496,795,2078.65,257.25,19,,,,,
3-Oct-19,11105.35,1309.7996,795,2052.85,251.65,19,,,,,
4-Oct-19,11046.1,1325.7496,793.5,2020.65,247.1,19,,,,,
7-Oct-19,10948.3,1362.3996,783.5,2004.4,242.95,19,,,,,
9-Oct-19,11023.25,1352.3996,785.95,1987.05,244.1,19,,,,,
10-Oct-19,10797.9,1357.6496,789,2020.95,244.2,19,,,,,
11-Oct-19,10844.65,1363.2996,773.8,2037.4,247.5,19,,,,,
14-Oct-19,10847.9,1372.6996,768,2045.85,243.7,19,,,,,
15-Oct-19,10946.2,1396.1496,768.9,2030.7,245.85,19,,,,,
16-Oct-19,11003.05,1415.2996,766.65,2057.35,246.5,19,,,,,
17-Oct-19,11035.7,1414.2496,691,2051.65,248.85,19,,,,,
18-Oct-19,10982.8,1392.8496,637.3,2075.25,251,19,,,,,
22-Oct-19,11075.9,1436.2496,650.7,2082.2,248.95,19,,,,,
23-Oct-19,11003.5,1430.6996,644.3,2125.05,247.85,19,,,,,
24-Oct-19,10817.6,1467.0996,654,2196,253.25,19,,,,,
25-Oct-19,10840.65,1478.6996,659,2253.65,259.4,19,,,,,
27-Oct-19,10704.8,1464.1996,669,2270.2,257.55,19,,,,,
29-Oct-19,11274.2,1456.9996,689.9,2202.05,261.3,19,,,,,
30-Oct-19,11600.2,1457.2496,684.4,2193.8,260.4,19,,,,,
31-Oct-19,11588.2,1447.5996,709,2201.6,262.9,19,,,,,
1-Nov-19,11440.2,1432.0996,697.6,2188.4,261.25,19,,,,,
4-Nov-19,11571.2,1458.7996,716,2185.5,265.9,19,,,,,
5-Nov-19,11512.4,1445.3496,722.5,2129.95,260.45,19,,,,,
6-Nov-19,11474.45,1427.7996,707,2099.7,259.35,19,,,,,
7-Nov-19,11359.9,1471.9996,695.5,2178.55,253.95,19,,,,,
8-Nov-19,11314,1463.3996,695,2195.6,253.95,19,,,,,
11-Nov-19,11174.75,1469.2996,707.3,2174.8,250.65,19,,,,,
13-Nov-19,11126.4,1458.4996,704.5,2151.75,250.75,19,,,,,
14-Nov-19,11313.3,1509.7995,710.9,2108.3,249.35,19,,,,,
15-Nov-19,11234.55,1547.0495,712.65,2108,250.6,19,,,,,
18-Nov-19,11305.05,1537.2495,714.05,2117.05,245.7,19,,,,,
19-Nov-19,11341.15,1546.3995,713,2070.55,247.65,19,,,,,
20-Nov-19,11428.3,1560.6995,694.4,2080.2,247.8,19,,,,,
21-Nov-19,11464,1558.8495,701.2,2046.9,249.1,19,,,,,
22-Nov-19,11586.35,1569.7495,695.7,2053.45,246.95,19,,,,,
25-Nov-19,11661.85,1579.9495,698.5,2077.35,246.6,19,,,,,
26-Nov-19,11588.35,1550.8995,703,2052.7,246.35,19,,,,,
27-Nov-19,11604.1,1586.2995,702.35,2020.95,244.95,19,,,,,
28-Nov-19,11582.6,1578.8495,695.8,2050.4,244.1,19,,,,,
29-Nov-19,11583.9,1552.5495,695,2079,243.15,19,,,,,
2-Dec-19,11627.15,1550.2995,707.1,2121.5,246.9,19,,,,,
3-Dec-19,11786.85,1554.9495,717.9,2122.95,243.3,19,,,,,
4-Dec-19,11844.1,1572.5495,716.8,2060.7,241.35,19,,,,,
5-Dec-19,11877.45,1562.1995,715.55,2012.5,235.4,19,,,,,
6-Dec-19,11890.6,1562.5995,715.5,2041.2,237.65,19,,,,,
9-Dec-19,11941.3,1567.4995,720.8,2016.75,238.65,19,,,,,
10-Dec-19,11917.2,1582.4495,706.9,2071.7,241.65,19,,,,,
11-Dec-19,11966.05,1566.5495,711.25,2127.55,236.9,19,,,,,
12-Dec-19,12012.05,1562.1495,717.55,2165.65,241.1,19,,,,,
13-Dec-19,11908.15,1575.6995,729.5,2167.25,245.2,19,,,,,
16-Dec-19,11913.45,1605.1495,732,2228.65,244.35,19,,,,,
17-Dec-19,11840.45,1599.3995,732.1,2222.55,241.25,19,,,,,
18-Dec-19,11872.1,1570.9995,732,2232.45,238.95,19,,,,,
19-Dec-19,11895.45,1545.9495,736.15,2215.05,238.7,19,,,,,
20-Dec-19,11884.5,1515.9495,734,2201.05,236.8,19,,,,,
23-Dec-19,11940.1,1542.1495,729.25,2198.15,236.95,19,,,,,
24-Dec-19,11999.1,1544.1995,736,2182.9,238.15,19,,,,,
26-Dec-19,11968.4,1514.0995,732.1,2161.3,237.65,19,,,,,
27-Dec-19,11914.4,1509.6995,733.6,2169.8,238.15,20,,,,,
30-Dec-19,12073.75,1535.3495,738.05,2157.45,239.8,20,,,,,
31-Dec-19,12037.7,1537.2495,734.5,2200.4,238.45,20,,,,,
1-Jan-20,12100.7,1501.4995,745.1,2200.15,235.1,20,,,,,
2-Jan-20,12151.15,1525.0495,739.05,2205.15,235.3,20,,,,,
3-Jan-20,12056.05,1513.9495,725,2255.05,234.2,20,,,,,
6-Jan-20,12048.2,1547.9495,722.9,2216,235.8,20,,,,,
7-Jan-20,11994.2,1547.6995,732,2213.85,238,20,,,,,
8-Jan-20,12043.2,1543.4495,763,2191,239.15,20,,,,,
9-Jan-20,12018.4,1529.0495,770.6,2207.2,243.3,20,,,,,
10-Jan-20,11921.5,1523.9995,775,2226.55,242.4,20,,,,,
13-Jan-20,11937.5,1537.6995,772,2238.4,240.75,20,,,,,
14-Jan-20,11856.8,1580.6495,771,2218.05,239.85,20,,,,,
15-Jan-20,11910.15,1531.9995,770,2170.25,241.9,20,,,,,
16-Jan-20,11971.8,1533.9495,768.35,2171.45,238.3,20,,,,,
17-Jan-20,12086.7,1533.0995,765.1,2206.5,237.95,20,,,,,
20-Jan-20,12053.95,1526.9995,774,2193.45,237.9,20,,,,,
21-Jan-20,12165,1521.6995,776,2184.6,238.1,20,,,,,
22-Jan-20,12221.65,1506.5995,779.7,2168.65,234.65,20,,,,,
23-Jan-20,12259.7,1471.3496,779.8,2184.05,230.75,20,,,,,
24-Jan-20,12271.8,1479.6996,783,2152.7,236.85,20,,,,,
27-Jan-20,12262.75,1442.4996,792,2138.05,233.85,20,,,,,
28-Jan-20,12214.55,1411.6996,781.75,2079.3,235.25,20,,,,,
29-Jan-20,12126.55,1385.8496,780.55,2103.15,207.7,20,,,,,
30-Jan-20,12245.8,1425.8496,769.5,2107.7,215.7,20,,,,,
31-Jan-20,12255.85,1448.0496,787,2145.25,216.55,20,,,,,
1-Feb-20,12168.45,1457.6496,784.5,2128.7,213.5,20,,,,,
3-Feb-20,12182.5,1433.7496,772,2136.7,213.5,20,,,,,
4-Feb-20,12282.2,1436.7496,776,2162.35,210.7,20,,,,,
5-Feb-20,12226.65,1452.5996,776.2,2151.65,212.7,20,,,,,
6-Feb-20,11993.05,1469.9996,775,2170.5,213,20,,,,,
7-Feb-20,12052.95,1473.9496,787,2191.6,211.95,20,,,,,
10-Feb-20,12025.35,1486.6496,794.9,2183.8,207.75,20,,,,,
11-Feb-20,12215.9,1478.3996,787,2203.25,204.75,20,,,,,
12-Feb-20,12256.8,1466.0996,787,2215.3,203.9,20,,,,,
13-Feb-20,12329.55,1504.1995,800,2194.6,206.7,20,,,,,
14-Feb-20,12362.3,1485.4996,800.45,2156.3,207.4,20,,,,,
17-Feb-20,12343.3,1444.8496,798,2116.3,203,20,,,,,
18-Feb-20,12355.5,1416.2996,800,2155.9,201.75,20,,,,,
19-Feb-20,12352.35,1391.3996,798,2123.05,198.55,20,,,,,
20-Feb-20,12224.55,1385.7996,780,2103.9,197.5,20,,,,,
24-Feb-20,12169.85,1328.6496,755,2000.95,197.6,20,,,,,
25-Feb-20,12106.9,1314.8496,733,1999.9,195.55,20,,,,,
26-Feb-20,12180.35,1343.6496,755.8,2038.9,193.85,20,,,,,
27-Feb-20,12248.25,1339.1496,754.7,2083.15,187.45,20,,,,,
28-Feb-20,12119,1311.4996,762,2124.9,187.95,20,,,,,
2-Mar-20,12055.8,1270.0496,744,2117.9,181.8,20,,,,,
3-Mar-20,12129.5,1113.1497,725,1972.2,177.2,20,,,,,
4-Mar-20,12035.8,1153.2497,693,1954.55,175.7,20,,,,,
5-Mar-20,11962.1,1061.5997,670,1769.85,156.25,20,,,,,
6-Mar-20,11661.85,1106.8997,586,1807.3,162.25,20,,,,,
9-Mar-20,11707.9,1015.2497,640,1698.05,147.2,20,,,,,
11-Mar-20,11979.65,1008.8997,585.2,1658.2,149.2,20,,,,,
12-Mar-20,12089.15,968.8497,565.2,1650.95,150.65,20,,,,,
13-Mar-20,12137.95,917.0997,530,1636.1,161.95,20,,,,,
16-Mar-20,12098.35,1020.1997,554,1798,175.55,20,,,,,
17-Mar-20,12031.5,883.8497,548,1662.65,154.4,20,,,,,
18-Mar-20,12107.9,943.0997,535,1702.85,149.45,20,,,,,
19-Mar-20,12201.2,1081.2497,593,1752.2,147.35,20,,,,,
20-Mar-20,12174.65,1074.7497,615.95,1806.7,157.2,20,,,,,
23-Mar-20,12113.45,1065.4997,655,1818.6,162.9,20,,,,,
24-Mar-20,12045.8,1032.3497,634,1776.15,159.5,20,,,,,
25-Mar-20,11992.5,1112.4497,645.5,1823.05,172,20,,,,,
26-Mar-20,12125.9,1080.6497,640,1709.55,166.35,20,,,,,
27-Mar-20,12080.85,1078.1997,604.1,1654.4,177.8,20,,,,,
30-Mar-20,11829.4,1206.3996,611.9,1775.05,181.5,20,,,,,
31-Mar-20,11797.9,1192.1496,628.2,1705.6,178.6,20,,,,,
1-Apr-20,11678.5,1219.1996,648.9,1765.9,185.35,20,,,,,
3-Apr-20,11633.3,1189.2496,630,1758.4,181.65,20,,,,,
7-Apr-20,11201.75,1150.0497,645,1734.45,189.45,20,,,,,
8-Apr-20,11132.75,1168.6996,622.85,1715.6,186.5,20,,,,,
9-Apr-20,11303.3,1225.0496,640,1806.8,188.1,20,,,,,
13-Apr-20,11251,1244.4496,640,1818.8,180.75,20,,,,,
15-Apr-20,11269,1236.0496,632,1737.25,179.65,20,,,,,
16-Apr-20,10989.45,1363.3496,633.2,1771.2,182.35,20,,,,,
17-Apr-20,10451.45,1371.4996,649,1876.9,180.75,20,,,,,
20-Apr-20,10458.4,1417.3496,674.4,1818.3,180,20,,,,,
21-Apr-20,9590.15,1430.2996,660,1837.3,179.8,20,,,,,
22-Apr-20,9955.2,1428.0996,673,1859.4,179.65,20,,,,,
23-Apr-20,9197.4,1426.1996,667.8,1905.2,182.1,20,,,,,
24-Apr-20,8967.05,1467.0496,696,2014.85,182.15,20,,,,,
27-Apr-20,8468.8,1435.3996,694.55,1929.15,174.05,20,,,,,
28-Apr-20,8263.45,1460.9996,681.15,1931.5,173.9,20,,,,,
29-Apr-20,8745.45,1461.6496,679.7,1904.25,163.8,20,,,,,
30-Apr-20,7610.25,1507.2495,666.1,1891.25,161.05,20,,,,,
4-May-20,7801.05,1561.7995,672.9,1893.5,158.3,20,,,,,
5-May-20,8317.85,1576.7495,680,1935.3,158.45,20,,,,,
6-May-20,8641.45,1480.2496,678,1948.95,165,20,,,,,
7-May-20,8660.25,1496.4,700,1949.45,165.4,20,,,,,
8-May-20,8281.1,1435.45,664,1900.8,163.95,20,,,,,
11-May-20,8597.75,1458.9,665.5,1893.3,164.6,20,,,,,
12-May-20,8253.8,1440.65,664,1944.85,164.55,20,,,,,
13-May-20,8083.8,1408.15,665.9,1948.25,170.7,20,,,,,
14-May-20,8792.2,1434.65,666.55,1952.45,175.75,20,,,,,
15-May-20,8748.75,1440.05,668.4,1991.55,188.9,20,,,,,
18-May-20,9111.9,1431.6,672.15,2018.95,186.35,20,,,,,
19-May-20,8993.85,1423.7,695,1943.35,191.5,20,,,,,
20-May-20,8925.3,1446.95,682.75,2005.1,192.15,20,,,,,
21-May-20,8992.8,1472.65,706.1,2005.2,190.55,20,,,,,
22-May-20,9266.75,1465.2,697,1971.55,197.45,20,,,,,
26-May-20,9261.85,1520.45,696.55,2044.65,200.6,20,,,,,
27-May-20,8981.45,1536.1,699.9,2046.9,197.2,20,,,,,
28-May-20,9187.3,1542.45,713,2045.35,196.85,20,,,,,
29-May-20,9313.9,1579.95,702,2093.9,200.1,20,,,,,
1-Jun-20,9154.4,1580.6,708,2048.1,199.95,20,,,,,
2-Jun-20,9282.3,1570.05,708.95,2071.4,197.75,20,,,,,
3-Jun-20,9380.9,1537.1,721.9,2073.35,198.6,20,,,,,
4-Jun-20,9553.35,1572,715,2108.3,199.25,20,,,,,
5-Jun-20,9859.9,1537.5,713.85,2067.8,194.6,20,,,,,
8-Jun-20,9293.5,1588.8,680,2038.7,194,20,,,,,
9-Jun-20,9205.6,1615,695,2030.05,187.2,20,,,,,
10-Jun-20,9270.9,1617.5,701,2044.95,184.95,20,,,,,
11-Jun-20,9199.05,1615.4,700.7,2047.75,181.3,20,,,,,
12-Jun-20,9251.5,1656.25,704,2036.8,186.65,20,,,,,
15-Jun-20,9239.2,1759.5,713,2047.05,184.1,20,,,,,
16-Jun-20,9196.55,1747.2,704.5,2028.3,185.05,20,,,,,
17-Jun-20,9383.55,1720.05,696.8,2035.4,185.9,20,,,,,
18-Jun-20,9142.75,1727.35,719.95,2042.35,191.8,20,,,,,
19-Jun-20,9136.85,1717.95,705,2010.9,202.25,20,,,,,
22-Jun-20,8823.25,1742.6,706.9,2115.6,195.1,20,,,,,
23-Jun-20,8879.1,1723.15,738.75,2101.85,197.2,20,,,,,
24-Jun-20,9066.55,1703.35,734.4,2082.2,194.6,20,,,,,
25-Jun-20,9106.25,1737.9,736,2092.55,202.7,20,,,,,
26-Jun-20,9039.25,1760.55,735.8,2158.35,206,20,,,,,
29-Jun-20,9029.05,1787.5,756.6,2199,207.35,20,,,,,
30-Jun-20,9314.95,1851.4,765,2263.1,199.75,20,,,,,
1-Jul-20,9490.1,1823.95,774,2269.95,194.3,20,,,,,
2-Jul-20,9580.3,1797.35,786.5,2217.65,196.25,20,,,,,
3-Jul-20,9826.15,1824.6,778,2204.35,195.45,20,,,,,
6-Jul-20,9979.1,1878.5,772,2221.65,194.3,20,,,,,
7-Jul-20,10061.55,1934.3,790,2219.55,197.45,20,,,,,
8-Jul-20,10029.1,1916.65,795.65,2171.7,196,20,,,,,
9-Jul-20,10142.15,1845.6,796.9,2233.55,198.5,20,,,,,
10-Jul-20,10167.45,1843.1,900,2233.65,193.85,20,,,,,
13-Jul-20,10046.65,1911.35,911,2201.35,194,20,,,,,
14-Jul-20,10116.15,1919.3,904,2209.75,192.75,20,,,,,
15-Jul-20,9902,1971.85,945.9,2225.6,192.25,20,,,,,
16-Jul-20,9972.9,2004.1,940,2189.95,196.55,20,,,,,
17-Jul-20,9813.7,2060.65,916,2170.75,200.65,20,,,,,
20-Jul-20,9914,2146.2,904.7,2157.05,199.7,20,,,,,
21-Jul-20,9881.15,2155.85,922.45,2205.8,196.25,20,,,,,
22-Jul-20,10091.65,2177.45,947.95,2309.2,195.45,20,,,,,
23-Jul-20,10244.4,2095.85,953.45,2275.05,196.8,20,,,,,
24-Jul-20,10311.2,2108.65,960,2277.95,193.35,20,,,,,
27-Jul-20,10471,2066.95,965,2282.45,194.1,20,,,,,
28-Jul-20,10305.3,2008.45,962.8,2251.3,192.7,20,,,,,
29-Jul-20,10288.9,2151.15,959.7,2249.15,193.6,20,,,,,
30-Jul-20,10383,2126.65,950.25,2258.8,192.75,20,,,,,
31-Jul-20,10312.4,2134.55,950,2307.7,195.35,20,,,,,
3-Aug-20,10302.1,2146.7,970.85,2294.95,196.05,20,,,,,
4-Aug-20,10430.05,2119.6,950.75,2281.6,198.9,20,,,,,
5-Aug-20,10551.7,2134.05,951.95,2279.25,203.65,20,,,,,
6-Aug-20,10607.35,2127.6,950.5,2256.7,204.15,20,,,,,
7-Aug-20,10763.65,2122.3,955.35,2255.5,201.5,20,,,,,
10-Aug-20,10799.65,2114.1,955,2242.45,196.5,20,,,,,
11-Aug-20,10705.75,2091.45,953.5,2252.05,198.65,20,,,,,
12-Aug-20,10813.45,2118.75,961.8,2269.4,198.6,20,,,,,
13-Aug-20,10768.05,2133.2,970,2256.25,198.45,20,,,,,
14-Aug-20,10802.7,2096.35,959,2252,195.85,20,,,,,
17-Aug-20,10607.35,2081.75,960.1,2248.2,196.9,20,,,,,
18-Aug-20,10618.2,2096.05,949.85,2247.95,196.65,20,,,,,
19-Aug-20,10739.95,2082,946.45,2242.25,195.55,20,,,,,
20-Aug-20,10901.7,2136.85,938.55,2254.65,194.95,20,,,,,
21-Aug-20,11022.2,2111.7,960,2247.9,194.2,20,,,,,
24-Aug-20,11162.25,2115.6,950.1,2237.1,195.55,20,,,,,
25-Aug-20,11132.6,2078.55,935,2256.35,191.25,20,,,,,
26-Aug-20,11215.45,2087.55,925,2245.3,190.3,20,,,,,
27-Aug-20,11194.15,2128.6,917.9,2264.8,191.45,20,,,,,
28-Aug-20,11131.8,2112.15,925.75,2299.55,191.65,20,,,,,
31-Aug-20,11300.55,2077.4,921.5,2289.75,186.65,20,,,,,
1-Sep-20,11202.85,2082.4,919.25,2327.4,189.3,20,,,,,
2-Sep-20,11102.15,2107.05,929.7,2348.95,188.15,20,,,,,
3-Sep-20,11073.45,2161.25,930,2323.75,183.95,20,,,,,
4-Sep-20,10891.6,2314.65,935.9,2331.6,184.95,20,,,,,
7-Sep-20,11095.25,2318.85,936,2373.7,183.9,20,,,,,
8-Sep-20,11101.65,2302.35,949.5,2492.3,183.35,20,,,,,
9-Sep-20,11200.15,2317.9,979.95,2490.25,181.8,20,,,,,
10-Sep-20,11214.05,2323.85,990.95,2502.65,180.65,20,,,,,
11-Sep-20,11270.15,2299.35,996,2460.05,178.55,20,,,,,
14-Sep-20,11322.5,2305.5,1015.95,2450.75,179.2,20,,,,,
15-Sep-20,11308.4,2255.15,1000,2464.6,175.7,20,,,,,
16-Sep-20,11300.45,2211.15,1010.4,2523.55,174.15,20,,,,,
17-Sep-20,11178.4,2229.55,1016.35,2467.15,172.55,20,,,,,
18-Sep-20,11247.1,2181.15,1008,2331.5,166.6,20,,,,,
21-Sep-20,11385.35,2201.7,985,2422.3,170.8,20,,,,,
22-Sep-20,11408.4,2215.75,1014.9,2425.35,173.35,20,,,,,
23-Sep-20,11312.2,2244.85,1018.95,2487.25,169.35,20,,,,,
24-Sep-20,11371.6,2233.75,1012.25,2491.5,171.75,20,,,,,
25-Sep-20,11466.45,2225.05,1016,2522.75,170.85,20,,,,,
28-Sep-20,11472.25,2211.15,1019.45,2706.85,169.3,20,,,,,
29-Sep-20,11549.6,2210.15,1054.1,2716.15,169.95,20,,,,,
30-Sep-20,11559.25,2257.15,1045,2737.4,169.5,20,,,,,
1-Oct-20,11647.6,2238.9,1089,2824.8,167.2,20,,,,,
5-Oct-20,11387.5,2233.7,1099,2814.95,167.85,20,,,,,
6-Oct-20,11470.25,2236.6,1120,2831.2,172.2,20,,,,,
7-Oct-20,11535,2280.25,1135,2825.65,170.2,20,,,,,
8-Oct-20,11527.45,2287.35,1164.7,2809.8,167.85,20,,,,,
9-Oct-20,11333.85,2205.55,1184,2738.7,165.05,20,,,,,
12-Oct-20,11355.05,2175.5,1112,2762.5,165.75,20,,,,,
13-Oct-20,11317.35,2175.8,1133.6,2711.45,168.3,20,,,,,
14-Oct-20,11278,2155.5,1119.85,2738.4,167.5,20,,,,,
15-Oct-20,11449.25,2123.25,1142,2675.45,167.65,20,,,,,
16-Oct-20,11464.45,2107.1,1146,2670.8,168.55,20,,,,,
19-Oct-20,11440.05,2112.55,1134.45,2686.45,170.7,20,,,,,
20-Oct-20,11521.8,2028.7,1121,2687.65,168.55,20,,,,,
21-Oct-20,11604.55,2034.2,1107,2631.45,167.2,20,,,,,
22-Oct-20,11516.1,2010.7,1100,2621.75,165.55,20,,,,,
23-Oct-20,11504.95,2026.55,1060.2,2633.7,163.85,20,,,,,
26-Oct-20,11250.55,2054.35,1070,2664.85,165.25,20,,,,,
27-Oct-20,11153.65,1877.3,1070,2603.85,166.7,20,,,,,
28-Oct-20,11131.85,1849.45,1077,2632.65,170.1,20,,,,,
29-Oct-20,10805.55,1913.45,1066,2653.25,169.7,20,,,,,
30-Oct-20,11050.25,1955.1,1112,2687.25,174.8,20,,,,,
2-Nov-20,11227.55,2029,1108,2708.25,173.95,20,,,,,
3-Nov-20,11222.4,2050.3,1125,2725.9,172.8,20,,,,,
4-Nov-20,11247.55,2084.5,1129.95,2649.95,178.35,20,,,,,
5-Nov-20,11416.95,1996.9,1098,2688.55,185.25,20,,,,,
6-Nov-20,11503.35,1979.85,1124,2670.7,187.9,20,,,,,
9-Nov-20,11662.4,1996.1,1119.85,2657.3,187.05,20,,,,,
10-Nov-20,11738.85,1992.9,1138,2666.2,187.3,20,,,,,
11-Nov-20,11834.6,1987.2,1129,2625.9,184.05,20,,,,,
12-Nov-20,11914.2,1972.65,1104.65,2637.05,187.85,20,,,,,
13-Nov-20,11930.95,1899.2,1105.5,2659.6,191.6,20,,,,,
14-Nov-20,11934.5,1950.8,1103.2,2724,190.8,20,,,,,
17-Nov-20,11971.05,1965.1,1144,2722.1,195.45,20,,,,,
18-Nov-20,11680.35,1947.75,1139,2700.7,193.7,20,,,,,
19-Nov-20,11762.45,1953.8,1118,2720.85,194.8,20,,,,,
20-Nov-20,11873.05,1929.85,1115,2679.15,193.7,20,,,,,
23-Nov-20,11896.8,1954.3,1105.55,2726.95,194.45,20,,,,,
24-Nov-20,11937.65,1957.6,1135,2749.15,195.9,20,,,,,
25-Nov-20,11896.45,1963.45,1152.15,2708.45,196.25,20,,,,,
26-Nov-20,11930.35,1946.55,1126,2726,198.15,20,,,,,
27-Nov-20,11767.75,1958.05,1144,2736,203.1,20,,,,,
1-Dec-20,11889.4,1993.75,1144.4,2796.4,202.45,20,,,,,
2-Dec-20,11729.6,2026.65,1167.15,2809.8,205.35,20,,,,,
3-Dec-20,11670.8,2007.2,1163.7,2784.15,212.7,20,,,,,
4-Dec-20,11642.4,2005.6,1168,2783.45,216.2,20,,,,,
7-Dec-20,11669.15,1991.15,1167.95,2796.5,215.9,20,,,,,
8-Dec-20,11813.5,1974,1158.5,2761.2,213.4,20,,,,,
9-Dec-20,11908.5,1976.05,1162.05,2813.25,214.35,20,,,,,
10-Dec-20,12120.3,1985.05,1166.35,2837.9,213,20,,,,,
11-Dec-20,12263.55,1992.25,1182,2862.6,214.5,20,,,,,
14-Dec-20,12461.05,1939.75,1189.9,2818.75,202.95,20,,,,,
15-Dec-20,12631.1,1936.6,1178,2870.8,203.35,20,,,,,
16-Dec-20,12749.15,1943.8,1242.95,2907.2,207.7,20,,,,,
17-Dec-20,12690.8,1993.9,1265,2908.45,208.6,20,,,,,
18-Dec-20,12719.95,2003.25,1237.35,2928.25,209.5,20,,,,,
21-Dec-20,12780.25,1989.2,1237,2930.65,211.55,20,,,,,
22-Dec-20,12874.2,1995.5,1252.9,2908.85,211.1,20,,,,,
23-Dec-20,12938.25,1984.65,1244.9,2870.2,209,20,,,,,
24-Dec-20,12771.7,1987.15,1258.95,2928.2,213.85,20,,,,,
28-Dec-20,12859.05,1990.65,1271.75,3039.25,213.4,21,,,,,
29-Dec-20,12926.45,1966,1287,3092.3,211.5,21,,,,,
30-Dec-20,13055.15,1914.15,1296.25,3052.95,205.45,21,,,,,
31-Dec-20,12858.4,1911,1298,3032.7,202.75,21,,,,,
1-Jan-21,12987,1933.05,1280,3120.35,201.55,21,,,,,
4-Jan-21,12968.95,1897,1340,3175.05,202.45,21,,,,,
5-Jan-21,13109.05,1956.65,1383.7,3172.85,206.4,21,,,,,
6-Jan-21,13113.75,1939.1,1379.8,3158.8,211.25,21,,,,,
7-Jan-21,13133.9,1960.6,1360,3250.15,214.1,21,,,,,
8-Jan-21,13258.55,1937.6,1370,3233.6,217.9,21,,,,,
11-Jan-21,13355.75,1983.5,1340,3220.8,219.55,21,,,,,
12-Jan-21,13392.95,2016.3,1315,3265.15,218.9,21,,,,,
13-Jan-21,13529.1,2054.85,1318.6,3308.2,217.6,21,,,,,
14-Jan-21,13478.3,2097.85,1352.45,3274.8,213.65,21,,,,,
15-Jan-21,13513.85,2049.65,1326,3303.4,210.65,21,,,,,
18-Jan-21,13558.15,1939.7,1340.45,3290.2,207.9,21,,,,,
19-Jan-21,13567.85,1895.25,1313.1,3261.05,210.7,21,,,,,
20-Jan-21,13682.7,1876.6,1289.55,3199.45,206.5,21,,,,,
21-Jan-21,13740.7,1843.15,1288.95,3112.9,203.25,21,,,,,
22-Jan-21,13760.55,1895.35,1246,3140.7,215.95,21,,,,,
25-Jan-21,13328.4,1926.45,1280.45,3203,218.2,21,,,,,
27-Jan-21,13466.3,1930.3,1280,3199.1,216.75,21,,,,,
28-Jan-21,13601.1,1923.95,1287,3187.3,230,21,,,,,
29-Jan-21,13749.25,1924,1286,3158.05,234.25,21,,,,,
1-Feb-21,13873.2,1951.5,1281,3215.15,233.1,21,,,,,
2-Feb-21,13932.6,1955.95,1308.45,3175.8,229,21,,,,,
3-Feb-21,13981.95,1975.25,1303.6,3210.95,227.65,21,,,,,
4-Feb-21,13981.75,2055.55,1287,3205.85,226.45,21,,,,,
5-Feb-21,14018.5,2041.25,1302.1,3191.15,217.45,21,,,,,
8-Feb-21,14132.9,2032.6,1322.95,3139.95,218.65,21,,,,,
9-Feb-21,14199.5,2059.65,1318,3109.3,218.25,21,,,,,
10-Feb-21,14146.25,2082.75,1290.1,3073.5,217.65,21,,,,,
11-Feb-21,14137.35,2065.5,1277.35,3057.55,218.9,21,,,,,
12-Feb-21,14347.25,2080.55,1298,3072.1,215.95,21,,,,,
15-Feb-21,14484.75,2007.4,1293,2958.75,207.1,21,,,,,
16-Feb-21,14563.45,2024.25,1266.35,2980,208.5,21,,,,,
17-Feb-21,14564.85,2065.55,1264,2951.4,208.8,21,,,,,
18-Feb-21,14595.6,2144.85,1291,2992.9,209.15,21,,,,,
19-Feb-21,14433.7,2083.85,1261.2,2896.05,204.05,21,,,,,
22-Feb-21,14281.3,2101.15,1268,2926.2,206.9,21,,,,,
23-Feb-21,14521.15,2106.2,1280,3010.55,209.8,21,,,,,
24-Feb-21,14644.7,2201.35,1316.15,3058.65,209.9,21,,,,,
25-Feb-21,14590.35,2175.7,1337.7,3047.7,209.7,21,,,,,
26-Feb-21,14371.9,2178.55,1332,3007,208.75,21,,,,,
1-Mar-21,14238.9,2190.45,1324.6,3007.2,208.05,21,,,,,
2-Mar-21,13967.5,2190.2,1329,3049.95,207.75,21,,,,,
3-Mar-21,13817.55,2181.7,1358.5,3071.95,206.45,21,,,,,
4-Mar-21,13634.6,2138.65,1372,3056.9,205.25,21,,,,,
5-Mar-21,14281.2,2108.75,1370,3066.35,205.45,21,,,,,
8-Mar-21,14647.85,2100.45,1382.2,3108.7,208.05,21,,,,,
9-Mar-21,14789.95,2055.15,1391,3112.7,210.55,21,,,,,
10-Mar-21,14895.65,2009.5,1392.55,3036.8,217.4,21,,,,,
12-Mar-21,14924.25,2081.9,1335,3063.25,223.1,21,,,,,
15-Mar-21,15115.8,2061.85,1350,3129.6,226,21,,,,,
16-Mar-21,15109.3,2089.05,1371,3142.05,222.15,21,,,,,
17-Mar-21,15106.5,2047.3,1362,3120.95,216.05,21,,,,,
18-Mar-21,15173.3,1992.75,1348.95,3068.05,211.25,21,,,,,
19-Mar-21,15163.3,1994.25,1341,3068.15,210.9,21,,,,,
22-Mar-21,15314.7,2028.6,1340,3159.95,214.6,21,,,,,
23-Mar-21,15313.45,2003.2,1383.5,3177.6,218.5,21,,,,,
24-Mar-21,15208.9,2021.7,1380,3165.9,220.05,21,,,,,
25-Mar-21,15118.95,1992.8,1389.8,3239.3,212.6,21,,,,,
26-Mar-21,14981.75,1983.65,1421.05,3263.85,212.6,21,,,,,
30-Mar-21,14675.7,2002.8,1409.5,3270.75,213.8,21,,,,,
31-Mar-21,14707.8,2005,1430.5,3316.5,213.15,21,,,,,
1-Apr-21,14982,1982.65,1454,3322.2,213.05,21,,,,,
5-Apr-21,15097.35,1911.3,1480,3241.45,205.35,21,,,,,
6-Apr-21,14529.15,1931.9,1433,3105,208.7,21,,,,,
7-Apr-21,14761.55,1943.9,1354.7,3218.95,206.7,21,,,,,
8-Apr-21,14919.1,1934,1366.65,3193.3,207.95,21,,,,,
9-Apr-21,15245.6,1902.55,1344,3163.1,205.6,21,,,,,
12-Apr-21,15080.75,1901.4,1378,3144.1,203.55,21,,,,,
13-Apr-21,14938.1,1906.05,1353.75,3119.1,205.85,21,,,,,
15-Apr-21,14956.2,1904.4,1344.3,3109.8,205.35,21,,,,,
16-Apr-21,15098.4,1937.45,1330,3101.1,205.3,21,,,,,
19-Apr-21,15174.8,1988.9,1348,3131.6,205.65,21,,,,,
20-Apr-21,15030.95,1996.05,1358,3123.8,205.55,21,,,,,
22-Apr-21,14929.5,2023.2,1369,3113.2,204.35,21,,,,,
23-Apr-21,14910.45,1994.45,1349,3038.4,202.7,21,,,,,
26-Apr-21,14721.3,1959.25,1342,3037,200.95,21,,,,,
27-Apr-21,14557.85,1916.55,1355,3048.95,199.55,21,,,,,
28-Apr-21,14744,1919.75,1337.35,3096.35,201.55,21,,,,,
29-Apr-21,14736.4,1929.9,1343,3111.3,202.75,21,,,,,
30-Apr-21,14814.75,1931.3,1366,3132,205.35,21,,,,,
3-May-21,14549.4,1925.7,1355,3145.15,205.55,21,,,,,
4-May-21,14324.9,1933.7,1336,3123.2,204.05,21,,,,,
5-May-21,14507.3,1913.55,1332,3088.5,203.3,21,,,,,
6-May-21,14845.1,1936.85,1333.95,3050.75,212.35,21,,,,,
7-May-21,14690.7,1960.55,1319.7,3069.8,212.55,21,,,,,
10-May-21,14867.35,1987.8,1336,3089.35,210.05,21,,,,,
11-May-21,14637.8,1996.35,1340,3081.95,207.75,21,,,,,
12-May-21,14683.5,1985.3,1345,3060,207,21,,,,,
14-May-21,14819.05,2000.9,1349,3080.4,209.05,21,,,,,
17-May-21,14873.8,1985.55,1358,3081.85,211.5,21,,,,,
18-May-21,14834.85,1964.5,1353,3113.95,210.85,21,,,,,
19-May-21,14310.8,1969.65,1369.4,3158.2,210.55,21,,,,,
20-May-21,14504.8,1978.2,1404.8,3180.2,211.2,21,,,,,
21-May-21,14581.45,2094.9,1411.85,3144.1,212.85,21,,,,,
24-May-21,14617.85,2160.45,1405,3158.95,216.6,21,,,,,
25-May-21,14359.45,2168.25,1400,3153.4,215.2,21,,,,,
26-May-21,14296.4,2201.3,1378.65,3129.3,209,21,,,,,
27-May-21,14406.15,2209.25,1382,3141.45,209.1,21,,,,,
28-May-21,14341.35,2190.6,1392,3143.15,208.8,21,,,,,
31-May-21,14485,2227.3,1388,3181.8,211.45,21,,,,,
1-Jun-21,14653.05,2214.7,1394,3200.5,213.65,21,,,,,
2-Jun-21,14864.55,2174.75,1415.95,3199.5,212.4,21,,,,,
3-Jun-21,14894.9,2182.7,1418.5,3216.05,209.4,21,,,,,
4-Jun-21,14631.1,2213,1429.55,3271.7,207.95,21,,,,,
7-Jun-21,14634.15,2245.3,1455,3276.35,207.25,21,,,,,
8-Jun-21,14496.5,2249.7,1467,3262.45,207.1,21,,,,,
9-Jun-21,14617.85,2211.6499,1478.95,3276.35,207.85,21,,,,,
10-Jun-21,14724.8,2215.55,1473,3320.1,205.5,21,,,,,
11-Jun-21,14823.15,2225.05,1506.3,3297,204.6,21,,,,,
14-Jun-21,14942.35,2237.6001,1489,3272.45,204.55,21,,,,,
15-Jun-21,14850.75,2226,1510,3300.65,205.05,21,,,,,
16-Jun-21,14696.5,2205.1001,1523,3262.1,204.05,21,,,,,
17-Jun-21,14677.8,2153.3501,1516,3373.6,203.35,21,,,,,
18-Jun-21,14923.15,2104.3,1570,3380.7,205.05,21,,,,,
21-Jun-21,15108.1,2086,1572,3335.6,203.65,21,,,,,
22-Jun-21,15030.15,2087.2,1564.85,3339.6,203.35,21,,,,,
23-Jun-21,14906.05,2110.8999,1562.6,3345.25,202.75,21,,,,,
24-Jun-21,15175.3,2097.75,1582,3341,203,21,,,,,
25-Jun-21,15197.7,2129.2,1562.5,3325.55,202.4,21,,,,,
28-Jun-21,15208.45,2149.8999,1571.75,3321.55,203.6,21,,,,,
29-Jun-21,15301.45,2125.95,1575.9,3262.35,202.55,21,,,,,
30-Jun-21,15337.85,2110.1499,1568,3275.3,203.7,21,,,,,
1-Jul-21,15435.65,2092.8999,1569,3257.1,202.05,21,,,,,
2-Jul-21,15582.8,2073.2,1557,3207.75,201.4,21,,,,,
5-Jul-21,15574.85,2084.45,1572,3192.95,201.15,21,,,,,
6-Jul-21,15576.2,2099.55,1559,3187.8999,201.85,21,,,,,
7-Jul-21,15690.35,2086,1550.4,3213.8501,204.15,21,,,,,
8-Jul-21,15670.25,2083.25,1554,3201.5,206.2,21,,,,,
9-Jul-21,15751.65,2111.8,1580,3194.6499,207.9,21,,,,,
12-Jul-21,15740.1,2099.1001,1551,3184.3999,207.8,21,,,,,
13-Jul-21,15635.35,2093.6001,1538,3205.3,206.8,21,,,,,
14-Jul-21,15737.75,2121,1556,3216.55,207.05,21,,,,,
15-Jul-21,15799.35,2105.2,1590,3212.05,212.35,21,,,,,
16-Jul-21,15811.85,2077.7,1590.45,3199.3501,211.1,21,,,,,
19-Jul-21,15869.25,2054.3,1605,3183.05,208.65,21,,,,,
20-Jul-21,15767.55,2036.85,1604.3,3197.5,209.15,21,,,,,
22-Jul-21,15691.4,2055.25,1610,3196.6001,206,21,,,,,
23-Jul-21,15683.35,2035.4,1616.85,3167.5,205,21,,,,,
